case,figure,image
Terrain shadow,10a,29_jpg.rf.d7087461a2dd788d1153b3ae3ad0c6d5
Terrain shadow,10b,7_jpg.rf.3750fafe659486c84bec28546c2e0968
Terrain shadow,10c,13_jpg.rf.95698231a7f56cc9290dea025bd88e11
Snow and ice,11a,35_jpg.rf.1ddbf233c7bdbfd57f26c0732cb4f4ba
Snow and ice,11b,38_jpg.rf.026cb495d95a66510d8567d632b54c40
Snow and ice,11c,8_jpg.rf.595afbb0e3ce6a963eba5204b7b64cd7
Debris,12a,39_jpg.rf.be262195bcef05b77ea70de6a8a951c1
Debris,12b,43_jpg.rf.1643d77477864f2eb686e5571b81cfc4
Debris,12c,25_jpg.rf.df833540c93dacad960f42b870ce6274
